INSERT INTO `user` (`user_id`, `uid`, `upw`, `nm`, `pic`, `created_at`, `updated_at`) VALUES
(1, '사용자1', '$2a$10$ZniS9vUxLxwm/PyDyHd6DuKI8KbkQwqddPGVskiBJsu3VD1zW8WXm', '홍길동', '363403f9-8d51-4a5c-a891-abaf8b317910.jpg', '2024-05-03 14:35:08', NULL),
(2, '사용자2', '$2a$10$qsItixp0DK/47.E5Fdh.oOk4YSu/zfnIS4jMjWiVtWFRSkQMg7wcy', '5월20일2', '111fad30-256c-484b-aea3-bca8e3f434aa.jpg', '2024-05-20 10:34:56', '2024-05-20 14:48:07'),
(3, '사용자3', '$2a$10$CiBlbjaB/h/j583SUMw6BOLjd3On4Az6A7McHo2etRFWD0S.lorGK', '5월20일', '81695b24-7863-407c-8f40-ca0a3be511ed.jpg', '2024-05-20 10:33:48', '2024-05-20 14:48:09'),
(4, '사용자4', '$2a$10$C3bd.tBbywD30PtjpXewieNCXoK9.nPgXtGg0wmY3ubPM.jVjTvMK', '5월20일3', 'fdbabf84-693f-4476-a1bd-94a8ed2136e9.gif', '2024-05-20 12:31:01', NULL),
(5, '사용자5', '$2a$10$QO9guQRofPBqIUFqFtvHHejgRDs6xRxjNfI5CoODz6OzZmlR6vDhe', '', '4c0c086d-480a-453e-a527-4d445403544a.jpg', '2024-05-20 12:42:16', NULL),
(6, '사용자6', '5월16일', '5월16일', '5월16일', '2024-05-20 14:36:02', NULL),
(7, '사용자7', '$2a$10$mzp5gIhp8N5Kj5rRA05h9O9TaBvoIBHibcwbjm9XyWkSrDo6nYhM.', '5월21일', '28bfba96-587b-4c0a-8e3d-dc1a473350ca.jpg', '2024-05-21 11:21:10', '2024-05-22 15:39:45'),
(8, '사용자8', '$2a$10$lZzlyFmUfFbjy.l.WtGXUeml0B0Sq/FMPCYo5GN7Rgrnc0VHR8.06', '5월23일', '6e02655c-86fb-405f-b7e5-35bbb9ab64a2.jpg', '2024-05-23 10:45:24', '2024-05-23 11:48:11');

INSERT INTO `feed` (`feed_id`, `writer_id`, `contents`, `location`, `created_at`, `updated_at`) VALUES
(1, 1, '내용1', '장소1', '2024-05-07 11:16:33', NULL),
(2, 2, '내용2', '장소2', '2024-05-07 14:20:25', NULL),
(3, 3, '내용3', '장소3', '2024-05-07 14:20:40', NULL),
(4, 4, '내용4', '장소4', '2024-05-07 14:21:04', NULL),
(5, 5, '내용5', '장소5', '2024-05-07 15:18:25', NULL),
(6, 6, '내용6', '장소6', '2024-05-07 15:18:45', NULL),
(7, 7, '내용7', '장소7', '2024-05-07 15:25:45', NULL),
(8, 8, '내용8', '장소8', '2024-05-20 10:34:01', NULL),
(9, 9, '내용9', '장소9', '2024-05-20 10:35:07', NULL),
(10, 10, '내용10', '장소10', '2024-05-20 12:23:26', NULL),
(11, 11, '내용11', '장소11', '2024-05-20 12:28:00', NULL),
(12, 12, '내용12', '장소12', '2024-05-20 12:28:30', NULL),
(13, 13, '내용13', '장소13', '2024-05-20 12:31:16', NULL),
(14, 14, '내용14', '장소14', '2024-05-20 12:31:29', NULL),
(15, 15, '내용15', '장소15', '2024-05-20 12:42:26', NULL),
(16, 16, '내용16', '장소16', '2024-05-20 12:57:01', NULL),
(17, 17, '내용17', '장소17', '2024-05-21 11:21:35', NULL),
(18, 18, '내용18', '장소18', '2024-05-21 11:21:53', NULL),
(19, 19, '내용19', '장소19', '2024-05-21 11:25:18', NULL),
(20, 20, '내용20', '장소20', '2024-05-21 12:02:04', NULL),
(21, 21, '내용21', '장소21', '2024-05-21 12:08:42', NULL),
(22, 22, '내용22', '장소22', '2024-05-22 14:41:27', NULL),
(23, 23, '내용23', '장소23', '2024-05-22 14:43:10', NULL),
(24, 24, '내용24', '장소24', '2024-05-23 13:13:41', NULL),
(25, 25, '내용25', '장소25', '2024-05-23 16:54:43', NULL);

INSERT INTO `feed_comment` (`feed_comment_id`, `feed_id`, `user_id`, `COMMENT`, `created_at`, `updated_at`) VALUES
(1, 11, 1, '댓글내용1', '2024-05-20 10:34:04', NULL),
(2, 12, 2, '댓글내용2', '2024-05-20 10:34:05', NULL),
(3, 13, 3, '댓글내용3', '2024-05-20 10:34:07', NULL),
(4, 14, 4, '댓글내용4', '2024-05-20 10:34:09', NULL),
(5, 15, 5, '댓글내용5', '2024-05-22 14:42:18', NULL),
(6, 16, 6, '댓글내용6', '2024-05-22 14:42:19', NULL),
(7, 17, 1, '댓글내용7', '2024-05-22 14:42:23', NULL),
(8, 18, 2, '댓글내용8', '2024-05-22 14:42:24', NULL),
(9, 19, 3, '댓글내용9', '2024-05-22 14:43:16', NULL),
(10, 20, 4, '댓글내용10', '2024-05-22 14:43:17', NULL),
(11, 21, 5, '댓글내용11', '2024-05-22 14:43:18', NULL),
(12, 22, 6, '댓글내용12', '2024-05-22 14:43:19', NULL);

INSERT INTO `feed_favorite` (`feed_id`, `user_id`, `created_at`) VALUES
(5, 1, '2024-05-20 12:57:04'),
(6, 2, '2024-05-20 12:42:27'),
(7, 3, '2024-05-20 12:42:37'),
(8, 4, '2024-05-20 12:57:03'),
(9, 5, '2024-05-21 11:24:43'),
(10, 1, '2024-05-21 11:24:45'),
(11, 2, '2024-05-21 11:25:28'),
(12, 3, '2024-05-21 12:08:47'),
(13, 4, '2024-05-23 16:56:46'),
(14, 5, '2024-05-24 15:49:08');

INSERT INTO `feed_pics` (`feed_pic_id`, `feed_id`, `pic`, `created_at`) VALUES
(2, 1, '74e663f3-c442-4dfa-acd5-d17d40bf1c95.jpg', '2024-05-07 11:16:46'),
(3, 1, '27998cd5-7f48-4eab-ae4e-7a70dc66da1b.jpeg', '2024-05-07 11:16:46'),
(4, 5, '876ba65a-7791-4617-b679-a6c0879d09a9.hwp', '2024-05-07 14:20:25'),
(5, 6, 'ce7ef9ea-3b8c-4ce9-9d2a-23070d586501.gif', '2024-05-07 14:20:40'),
(6, 7, 'adebddf0-4037-47c8-ab1a-1eed049f6ce8.gif', '2024-05-07 14:21:04'),
(9, 8, 'ae5dc0aa-870e-49b3-85d1-76c9fc43fabe.jpg', '2024-05-07 15:18:25'),
(10, 8, 'c2d28937-75e6-460d-a717-50640d5c8308.jpg', '2024-05-07 15:18:25'),
(11, 9, '4d721b39-fbac-405d-8e99-4aa1bd20af9d.jpg', '2024-05-07 15:18:45'),
(12, 9, 'f2ed5f0d-6100-4c93-84af-e1ee08c5c91f.jpg', '2024-05-07 15:18:45'),
(13, 9, '7d675ef7-fc5e-4459-b585-971798a29329.jpg', '2024-05-07 15:18:45'),
(14, 9, '1d29327e-0600-456e-83de-c6448efc70b1.jpg', '2024-05-07 15:18:45'),
(15, 9, 'ed5e7e89-c413-46d2-b4dc-c4a64ee6ed23.jpg', '2024-05-07 15:18:45'),
(16, 9, 'a33d3160-e04b-443f-9d0b-844501fecd1e.png', '2024-05-07 15:18:45'),
(17, 10, '0697e778-af49-4f7f-b149-6304a9e8ba9b.gif', '2024-05-07 15:25:45'),
(36, 40, 'f722248d-3e12-4d3d-b80a-403619b19889.jpg', '2024-05-20 10:34:01'),
(37, 40, '5774b156-8d7d-49fd-92e9-bf75ed0bebc9.jpg', '2024-05-20 10:34:01'),
(38, 41, '7546a520-e307-4a0d-ac4a-7e79c20f9346.jpg', '2024-05-20 10:35:07'),
(39, 41, '71cbbed1-67e2-4290-bbb9-7f9298d4c77e.jpg', '2024-05-20 10:35:07'),
(54, 50, '4a3399f3-c168-4f63-8176-327adcec4cbc.gif', '2024-05-21 11:21:53'),
(55, 51, 'e24a4cd4-113c-41ec-addb-569974e92acc.gif', '2024-05-21 11:25:18'),
(56, 52, 'e8ef45c2-2dbe-47a2-b31a-ea4c5d936b7e.gif', '2024-05-21 12:02:04'),
(57, 53, '8dd09cef-07c7-4412-be20-c5edb9a34a2e.gif', '2024-05-21 12:08:42');

INSERT INTO `user_follow` (`from_user_id`, `to_user_id`, `created_at`) VALUES
(1, 2, '2024-05-20 16:49:53'),
(1, 3, '2024-05-20 16:49:53'),
(1, 4, '2024-05-20 16:49:53'),
(1, 5, '2024-05-20 16:49:53'),
(2, 1, '2024-05-20 16:49:53'),
(2, 3, '2024-05-20 16:49:53'),
(2, 4, '2024-05-20 16:49:53'),
(2, 5, '2024-05-20 16:49:53'),
(3, 1, '2024-05-20 16:49:53'),
(3, 2, '2024-05-20 16:49:53'),
(3, 4, '2024-05-20 16:49:53'),
(3, 5, '2024-05-20 16:49:53');
